Time,x,y,vx,vy,ax,ay
0.0,0.999,0.0316227766016838,-0.1,3.1622776601683795,-10.0,0.0
0.01,0.9969995011269381,0.06321388298079195,-0.20004988730618373,3.159110637910815,-10.004988730618374,-0.3167022257564652
0.02,0.9939990102716189,0.09474158574126568,-0.3000490855319325,3.1527702760473733,-9.999919822574874,-0.634036186344156
0.03,0.9900000456007886,0.12617412040637402,-0.3998964670830224,3.143253466510834,-9.984738155108989,-0.9516809536539182
0.04,0.9850051410416211,0.15747972392643142,-0.49949045591675395,3.130560352005741,-9.959398883373154,-1.2693114505093215
0.05,0.9790178497094775,0.1886266675689665,-0.5987291332143577,3.11469436425351,-9.92386772976038,-1.5865987752230934
0.06,0.9720427462507328,0.21958329015690567,-0.6975103458744637,3.0956622587939147,-9.8781212660106,-1.903210545959551
0.07,0.9640854280735116,0.250318031618366,-0.795731817722126,3.073474146146037,-9.822147184766223,-2.2188112647877594
0.08,0.9551525154403676,0.2807994668097043,-0.8932912633144048,3.0481435191338258,-9.755944559227874,-2.533062701221141
0.09,0.9452516503982688,0.3109963395715479,-0.9900865042098881,3.0196872761843556,-9.679524089548329,-2.8456242949470103
0.1,0.9343914945227103,0.340877596975656,-1.0860155875558448,2.9881257404108115,-9.592908334595666,-3.1561535773543987
0.11,0.9225817254543802,0.37041242371862704,-1.1809769068330092,2.9534826742971023,-9.496131927716439,-3.4643066113709238
0.12,0.9098330322085365,0.3995702766166961,-1.2748693245843756,2.9157852898069025,-9.389241775136659,-3.7697384490199597
0.13,0.8961571092391275,0.42832091915416426,-1.3675922969408996,2.8750642537468196,-9.272297235652395,-4.072103606008308
0.14,0.8815666492416901,0.4566344560363772,-1.4590459997437382,2.831353688221293,-9.14537028028387,-4.371056552552689
0.15,0.8660753346811931,0.484481367696635,-1.5491314560497025,2.7846911660257816,-9.008545630596439,-4.6662522195511285
0.16,0.8496978280332531,0.5118325447049825,-1.637750664794001,2.7351177008347474,-8.861920874429842,-4.957346519103406
0.17,0.8324497607295308,0.5386593220255016,-1.724806730372231,2.682677732051909,-8.705606557823007,-5.243996878283834
0.18,0.8143477208006109,0.5649335130675237,-1.8102039928919904,2.627419104202206,-8.539726251975932,-5.525862784970285
0.19,0.7954092392122757,0.5906274434751021,-1.8938481588335199,2.56939304075784,-8.364416594152951,-5.802606344436611
0.2,0.7756527748937903,0.6157139845981483,-1.975646431848543,2.5086541123046238,-8.179827301502316,-6.073892845321621
0.21,0.7550976984596202,0.6401665865878448,-2.055507643417006,2.4452601989696436,-7.986121156846279,-6.3393913334980345
0.22,0.7337642746288918,0.6639593110583133,-2.1333423830728333,2.3792724470468514,-7.783473965582756,-6.59877519227921
0.23,0.71167364334987,0.6870668632560497,-2.209063127902177,2.3107552197736365,-7.572074482934365,-6.851722727321476
0.24,0.68884779963976,0.7094646236783355,-2.282584371011007,2.2397760422285775,-7.352124310883021,-7.097917754505902
0.25,0.6653095721532262,0.7311286790817197,-2.3538227486533794,2.1664055403384186,-7.12383776423724,-7.337050189015901
0.26,0.6410826004961528,0.7520358528217272,-2.4226971657073317,2.090717374000745,-6.887441705395246,-7.568816633767344
0.27,0.6161913113043307,0.7721637344652051,-2.4891289191822197,2.0127881643477843,-6.643175347488783,-7.792920965296081
0.28,0.5906608931099365,0.7914907086171665,-2.553041819439417,1.932697415196137,-6.391290025719745,-8.00907491516473
0.29,0.5645172700218589,0.8099959829046363,-2.614362308807755,1.8505274287469682,-6.132048936833822,-8.216998644916883
0.3,0.5377870742491002,0.8276596150608476,-2.6730195772758694,1.7663632156211384,-5.865726846811431,-8.416421312582987
0.31,0.510497617499642,0.8444625390541861,-2.7289456749458245,1.6802923993338543,-5.592609766995501,-8.607081628728412
0.32,0.482676861290282,0.8603865902075215,-2.7820756209359994,1.5924051153335401,-5.312994599017481,-8.788728400031419
0.33,0.4543533862060194,0.8754145292550183,-2.832347508426261,1.5027939047496754,-5.027188749026155,-8.961121058386466
0.34,0.42555636015057,0.8895300652851602,-2.879702605544939,1.411553603014198,-4.735509711867795,-9.124030173547746
0.35000000000000003,0.39631550563251966,0.9027178775205664,-2.924085451805036,1.318781223540616,-4.438284626009664,-9.277237947358195
0.36,0.3666610661344552,0.9149636358872074,-2.965443949806447,1.2245758366641033,-4.1358498001410915,-9.420538687651266
0.37,0.3366237716151381,0.9262540203278519,-3.0037294519317097,1.1290384440644414,-3.828550212526297,-9.55373925996618
0.38,0.30623480319738905,0.9365767388169681,-3.0388968417749056,1.0322718489116223,-3.516738984319594,-9.676659515281909
0.39,0.2755257570968214,0.9459205440368793,-3.070904610056765,0.9343805219911134,-3.2007768281859654,-9.789132692050888
0.4,0.24452860784888408,0.9542752486777004,-3.099714924793734,0.8354704640821142,-2.8810314736969014,-9.891005790899918
0.41000000000000003,0.21327567089383753,0.9616317393264753,-3.1252936955046557,0.7356490648774895,-2.557877071092161,-9.982139920462476
0.42,0.1817995645812798,0.9679819889139588,-3.1476106312557723,0.6350249587483574,-2.2316935751116502,-10.062410612913212
0.43,0.15013317165765136,0.9733190676906532,-3.1666392923628437,0.5337078776694433,-1.902866110707155,-10.131708107891413
0.44,0.11830960030176889,0.9776371527069853,-3.182357135588247,0.4318085016331976,-1.5717843225403139,-10.189937603624564
0.45,0.0863621447748604,0.9809315357758976,-3.1947455526908493,0.32943830689124365,-1.238841710260249,-10.237019474195398
0.46,0.05432424575278881,0.9831986298996066,-3.203789902207159,0.22670941237089182,-0.9044349516310023,-10.272889452035182
0.47000000000000003,0.02222945040915275,0.9844359741458284,-3.2094795343636062,0.12373442462217807,-0.568963215644711,-10.297498774871375
0.48,-0.00988862768126439,0.9846422369623994,-3.211807809041714,0.020626281657095513,-0.23282746781078179,-10.310814296508255
0.49,-0.04199634874866691,0.9838172179228729,-3.2107721067402517,-0.08250190395264409,0.10357023014623999,-10.31281856097396
0.5,-0.0740600870736777,0.9819618478993739,-3.2063738325010798,-0.18553700234989565,0.43982742391721524,-10.303509839725155
0.51,-0.10604627120155982,0.9790781876626989,-3.1986184127882122,-0.28836602366749997,0.7755419712867739,-10.282902131760432
0.52,-0.13792142405488456,0.9751694249133585,-3.187515285332474,-0.390876274934045,1.1103127455738164,-10.251025126654502
0.53,-0.16965220287465368,0.9702398697509494,-3.1730778819769134,-0.4929555162409037,1.4437403355560532,-10.207924130685877
0.54,-0.20120543892046075,0.9642949485929013,-3.155323604580707,-0.5944921158048068,1.7754277396206632,-10.153659956390303
0.55,-0.23254817686107623,0.9573411965572504,-3.1342737940615493,-0.6953752035651016,2.1049810519157695,-10.088308776029482
0.56,-0.2636477137878595,0.9493862483276375,-3.1099536926783276,-0.7954948229612842,2.4320101383221697,-10.011961939618256
0.5700000000000001,-0.29447163778463065,0.9404388275221943,-3.0823923996771136,-0.8947420805443156,2.7561293001213696,-9.924725758303145
0.58,-0.3249878659890714,0.9305087345913483,-3.051622820444076,-0.9930092930846048,3.076957923303785,-9.826721254028927
0.59,-0.35516468208235824,0.9196068332728454,-3.017681609328679,-1.090190131850283,3.3941211115396905,-9.718083876567817
0.6,-0.3849707731455526,0.907745035635431,-2.980609106319436,-1.186179763741447,3.7072503009242888,-9.598963189116407
0.61,-0.41437526582327633,0.8949362857456377,-2.9404492677723715,-1.2808749889793256,4.015983854706464,-9.469522523787854
0.62,-0.4433477617373683,0.8811945419950004,-2.897249591409194,-1.3741743750637352,4.3199676363177515,-9.329938608440957
0.63,-0.47185837209554693,0.8665347581277238,-2.8510610358178674,-1.4659783867276543,4.618855559132677,-9.180401166391915
0.64,-0.4998777514425743,0.8509728630113824,-2.801937934702734,-1.5561895116341475,4.912310111513348,-9.021112490649315
0.65,-0.5273771305040198,0.8345257391956012,-2.7499379061445466,-1.644712381578116,5.2000028558187354,-8.852286994396835
0.66,-0.5543283480754461,0.8172112003058679,-2.6951217571426276,-1.7314538889733326,5.481614900191894,-8.674150739521675
0.67,-0.5807038819126649,0.7990479673216297,-2.637553383721878,-1.81632329842382,5.756837342074975,-8.48694094504874
0.68,-0.6064768785816295,0.7800556437896523,-2.5772996668964585,-1.8992323531977386,6.025371682541921,-8.290905477391862
0.6900000000000001,-0.631621182229526,0.7602546900252376,-2.514430364789654,-1.980095376441466,6.286930210680449,-8.086302324372737
0.7000000000000001,-0.6561113622416828,0.7396663963553243,-2.4490180012156726,-2.0588293669913327,6.5412363573981205,-7.873399054986685
0.71,-0.6799227397520224,0.7183128554587198,-2.381137751033969,-2.1353540896604453,6.788025018170336,-7.652472266911247
0.72,-0.703031412977923,0.6962169338597394,-2.3108673225900644,-2.209592159898041,7.027042844390479,-7.423807023759534
0.73,-0.7254142813535114,0.6734022426323515,-2.238286837558834,-2.2814691227387933,7.25804850312304,-7.187696284075256
0.74,-0.7470490684385799,0.6498931073725585,-2.1634787085068483,-2.3509135259793026,7.480812905198568,-6.944440324050932
0.75,-0.767914343583476,0.6257145374971729,-2.0865275144896094,-2.417856987538553,7.695119401723877,-6.694346155925046
0.76,-0.787989542333451,0.6008921949273894,-2.007519874997495,-2.4822342569783413,7.900763949211426,-6.437726943978836
0.77,-0.8072549855590602,0.5754523622156051,-1.926544322560923,-2.5439832711784303,8.097555243657228,-6.174901420008892
0.78,-0.8256918973022678,0.5494219101738109,-1.8436911743207554,-2.60304520417942,8.285314824016746,-5.906193300098964
0.79,-0.8432824213309111,0.5228282650615714,-1.7590524028643353,-2.659364511223955,8.463877145642,-5.631930704453478
0.8,-0.8600096363971195,0.4956993753911332,-1.6727215066208314,-2.7128889670438276,8.63308962435039,-5.352445581987276
0.81,-0.8758575701981381,0.46806367840656576,-1.5847933801018712,-2.7635696984567426,8.792812651896014,-5.068073141291498
0.8200000000000001,-0.8908112120407862,0.43995006629304684,-1.4953641842648033,-2.8113612113518927,8.942919583706782,-4.779151289515004
0.8300000000000001,-0.9048565242134506,0.4113878521714664,-1.4045312172664453,-2.856221412158045,9.0832966998358,-4.486020080615248
0.84,-0.9179804520720999,0.38240673593245167,-1.3123927858649203,-2.8981116239014706,9.213843140152498,-4.189021174342537
0.85,-0.9301709328492623,0.35303676996271416,-1.2190480777162427,-2.9369965969737506,9.33447081486776,-3.888497307228011
0.86,-0.9414169031972699,0.32330832481530175,-1.1245970348007606,-2.9728445147412423,9.445104291548205,-3.584791776749179
0.87,-0.9517083054792947,0.29325205487391454,-1.02914022820249,-3.0056269941387237,9.545680659827052,-3.2782479397481232
0.88,-0.9610360928238133,0.2628988640599196,-0.9327787344518564,-3.0353190813994964,9.636149375063354,-2.969208726077251
0.89,-0.9693922329601081,0.23227987162908997,-0.8356140136294808,-3.061899243082961,9.71647208223756,-2.6580161683464296
0.9,-0.976769710854263,0.20142637810340597,-0.7377477894154861,-3.0853493525684015,9.786622421399471,-2.345010948544076
0.91,-0.9831625301668173,0.17036983138150155,-0.6392819312554338,-3.105654672190441,9.846585816005241,-2.0305319622039644
0.92,-0.9885657135548224,0.13914179306952817,-0.5403183388005053,-3.122803831197338,9.896359245492848,-1.7149159006896881
0.93,-0.9929753018424823,0.10777390507234776,-0.44095882876599224,-3.136788799718042,9.935951003451304,-1.398496852070445
0.9400000000000001,-0.9963883520858684,0.07629785648307078,-0.34130502433861576,-3.147604858927698,9.965380442737647,-1.0816059209656053
0.9500000000000001,-0.9988029345583658,0.04474535080702961,-0.24145824724973686,-3.155250567604116,9.984677708887892,-0.7645708676417684
0.96,-1.0002181286845477,0.01314807355433293,-0.14151941261819315,-3.159727725269668,9.99388346315437,-0.4477157665552323
0.97,-1.0006340179510815,-0.018462339766808278,-0.04158892665337287,-3.1610413321141206,9.993048596482028,-0.13136068444526983
0.98,-1.000051683824044,-0.05005433522574945,0.05823341270373884,-3.1591995458941176,9.982233935711172,0.1841786220003098
0.99,-0.9984731987026803,-0.08159647158579404,0.15784851213638207,-3.1542136360044593,9.961509943264323,0.4985909889658452
1.0,-0.9959016179401624,-0.12623667412489492,0.257158076251782,-4.464020253910087,9.930956411539995,0.8115701089491919
1.01,-0.9923456101625207,-0.17075209446656853,0.35560077776417465,-4.45154203416736,9.844270151239268,1.2478219742726517
1.02,-0.9878176021792217,-0.21510026353082606,0.45280079832989734,-4.434816906425754,9.72000205657227,1.6725127741606582
1.03,-0.9823335731813553,-0.2592402561344488,0.5484028997866367,-4.413999260362271,9.560210145673933,2.081764606348291
1.04,-0.9759127960772537,-0.30313303859925134,0.6420777104101602,-4.389278246480253,9.367481062352349,2.4721013882017577
1.05,-0.9685775353137712,-0.3467417688295389,0.7335260763482483,-4.3608730230287565,9.144836593808812,2.8405223451496293
1.06,-0.9603527115783628,-0.3900320437714009,0.8224823735408437,-4.3290274941862,8.895629719259551,3.184552884255621
1.07,-0.9512655442176952,-0.43297209150763516,0.9087167360667607,-4.29400477362343,8.6234362525917,3.5022720562769853
1.08,-0.9413451820727557,-0.47553290750298255,0.9920362144939372,-4.256081599534741,8.331947842717645,3.7923174088689775
1.09,-0.9306223327910824,-0.5176883365599015,1.0722849281673374,-4.215542905691894,8.024871367340037,4.053869384284691
1.1,-0.919128899636636,-0.5594151037749331,1.149343315444638,-4.172676721503158,7.705838727730057,4.286618418873675
1.11,-0.9068976334955134,-0.6006927991383743,1.2231266141122579,-4.127769536344122,7.378329866761993,4.490718515903606
1.12,-0.8939618062918198,-0.6415038213722271,1.2935827203693664,-4.081102223385274,7.045610625710861,4.666731295884749
1.1300000000000001,-0.8803549104941498,-0.681833287163278,1.3606895797669902,-4.032946579105085,6.710685939762377,4.815564428018933
1.1400000000000001,-0.8661103879037064,-0.7216689121556717,1.424452259044336,-3.9835624992393774,6.376267927734588,4.938407986570716
1.1500000000000001,-0.85126138954296,-0.7610008699739137,1.4848998360746362,-3.9331957818241916,6.044757703030004,5.036671741518564
1.16,-0.8358405672588933,-0.7998216352155109,1.5420822284066724,-3.882076524159712,5.718239233203633,5.111925766447934
1.17,-0.8198798966456012,-0.8381258158471202,1.5960670613292072,-3.830418063160937,5.398483292253466,5.165846099877536
1.18,-0.8034105300870001,-0.8759099798202841,1.6469366558601146,-3.7784163973163865,5.086959453090747,5.200166584455035
1.19,-0.7864626781165327,-0.9131724800465131,1.694785197046739,-3.726250022622906,4.784854118662426,5.216637469348031
1.2,-0.7690655168713234,-0.9499132811811761,1.7397161245209298,-3.674080113466305,4.493092747419087,5.216990915660132
1.21,-0.7512471191607878,-0.9861337909958499,1.7818397710535563,-3.622050981467375,4.212364653262651,5.202913199892988
1.22,-0.7330344065484163,-1.0218366984942207,1.82127126123715,-3.570290749837069,3.94314901835936,5.176023163030644
1.23,-0.714453119833755,-1.057025820363336,1.8581286714661305,-3.518912186911536,3.6857410228980436,5.137856292553292
1.24,-0.6955278053941029,-1.0917059568586864,1.8925314439652134,-3.468013649535034,3.4402772499083025,5.089853737650145
1.25,-0.6762818149791341,-1.125882757801152,1.9245990414968768,-3.4176800942465766,3.2067597531663306,5.033355528845772
1.26,-0.6567373167266544,-1.1595625990148803,1.9544498252479736,-3.3679841213728308,2.9850783751096897,4.969597287374605
1.27,-0.6369153153674778,-1.1927524692532423,1.9822001359176538,-3.3189870238361947,2.7750310669680074,4.899709753663616
1.28,-0.6168356797987518,-1.2254598674388997,2.0079635568726095,-3.2707398185657355,2.5763420954955554,4.824720527045921
1.29,-0.5965171764177976,-1.2576927098764137,2.0318503380954196,-3.2232842437513907,2.388678122281014,4.745557481434481
1.3,-0.575977506815216,-1.2894592469741852,2.0539669602581534,-3.176653709777161,2.211662216273402,4.663053397422973
1.31,-0.5552333486214288,-1.3207679889294193,2.0744158193787188,-3.130874195523413,2.044885912056537,4.5779514253748
1.32,-0.5343003984816703,-1.3516276397783182,2.093295013975848,-3.0859650848898967,1.8879194597129085,4.490911063351606
1.33,-0.5131934162988357,-1.3820470391875828,2.110698218283459,-3.041939940926462,1.7403204307611053,4.402514396343493
1.34,-0.4919262700307898,-1.4120351113570184,2.1267146268045933,-2.9988072169435744,1.6016408521134455,4.313272398288728
1.35,-0.47051198045881815,-1.441600820411894,2.141428957197168,-2.9565709054875446,1.4714330392574917,4.223631145602985
1.36,-0.44896276545750935,-1.4707531316837053,2.154921500130879,-2.9152311271811295,1.3492542933710545,4.133977830641503
1.37,-0.4272900833945206,-1.4995009783058912,2.167268206298875,-2.8747846622185973,1.2346706167996127,4.044646496253244
1.3800000000000001,-0.4055046753726535,-1.5278532325841694,2.1785408021867108,-2.8352254278278233,1.1272595887836132,3.9559234390774085
1.3900000000000001,-0.3836166060978192,-1.5558186816374207,2.1888069274834288,-2.7965449053251166,1.0266125296718038,3.8680522502706878
1.4000000000000001,-0.3616353032161915,-1.5834060068427989,2.1981302881627736,-2.7587325205378175,0.9323360679344863,3.78123847872991
1.41,-0.33956959501349515,-1.610623766656743,2.20657082026963,-2.721775981394413,0.8440532106856554,3.6956539143404603
1.42,-0.31742774641024624,-1.637480382420885,2.2141848603248926,-2.685661576414207,0.761404005526227,3.611440498020579
1.43,-0.2952174932200401,-1.6639841267978317,2.2210253190206153,-2.650374437694677,0.6840458695722608,3.528713871952992
1.44,-0.27294607466476795,-1.6901431145159862,2.2271418555272136,-2.6158987718154427,0.6116536506598435,3.447566587923442
1.45,-0.250620264161899,-1.715965295134684,2.2325810502868992,-2.582218061869768,0.54391947596859,3.3680709945674847
1.46,-0.22824639841556316,-1.7414584475707882,2.237386574633581,-2.5493152436104127,0.4805524346681682,3.2902818259355158
1.47,-0.20583040485586548,-1.7666301761554495,2.2415993559697664,-2.5171728584661306,0.4212781336185213,3.21423851442821
1.48,-0.18337782748031053,-1.7914879080150028,2.2452577375554954,-2.4857731859553276,0.3658381585728955,3.1399672510803116
1.49,-0.16089385115798974,-1.8160388915929981,2.2483976322320793,-2.455098357799535,0.3139894676584135,3.067482815579287
1.5,-0.13838332446176377,-1.840290196151248,2.2510526696225956,-2.4251304558249815,0.2655037390516187,2.996790197455316
1.51,-0.11585078109647426,-1.8642487121066285,2.2532543365289515,-2.395851595538048,0.2201666906355869,2.927886028693339
1.52,-0.09330045999259137,-1.8879211520773398,2.2550321103882887,-2.367243997071133,0.1777773859337328,2.8607598466915363
1.53,-0.07073632413494033,-1.9113140525275416,2.2564135857651046,-2.339290045020182,0.1381475376815801,2.7953952050950925
1.54,-0.04816207819549462,-1.9344337759128811,2.2574245939445703,-2.311972338533954,0.10110081794656453,2.7317706486227844
1.55,-0.025581185037881947,-1.9572865132415591,2.258089315761267,-2.285273732867804,0.06647218166964645,2.669860566615042
1.56,-0.002996881159387201,-1.9798782869763678,2.2584303878494745,-2.259177373480876,0.03410720882076991,2.6096359386927697
1.57,0.019587808866005522,-2.0022149542127123,2.258469002539272,-2.233666723634434,0.0038614689797564898,2.5510649846442197
1.58,0.042170058882501096,-2.0243022100761103,2.2582250016495573,-2.2087255863397957,-0.02440008897147982,2.494113729463823
1.59,0.06474722852696958,-2.0461455912901725,2.2577169644468484,-2.184338121406215,-0.05080372027086587,2.4387464933580554
1.6,0.08731685142746112,-2.0677504798726836,2.2569622900491533,-2.160488858251102,-0.0754674397695366,2.3849263155113034
1.61,0.10987662417304905,-2.0891221069232477,2.2559772745587927,-2.1371627050564133,-0.09850154903604434,2.332615319468873
1.62,0.13242439600513012,-2.1102655564710977,2.254777183208106,-2.114344954784994,-0.12000913506868222,2.2817750271419244
1.6300000000000001,0.15495815918311434,-2.131185769356181,2.253376317798422,-2.0920212885083265,-0.14008654096839443,2.2323666276667615
1.6400000000000001,0.17747603998017902,-2.151887547120599,2.2517880797064667,-2.07017777644179,-0.15882380919553177,2.184351206653614
1.6500000000000001,0.19997629026742014,-2.1723755558909437,2.2500250287241124,-2.0488008770344637,-0.17630509823543072,2.1376899407326664
1.6600000000000001,0.22245727964729695,-2.192654330235114,2.248098937987679,-2.0278774344170376,-0.19260907364334848,2.092344261742599
1.67,0.2449174880997198,-2.212728276979844,2.2460208452422847,-2.007394674473003,-0.20780927453940926,2.048275994403449
1.68,0.2673554991064739,-2.2326016789774874,2.2438011006754057,-1.9873401997643385,-0.22197445668789445,2.0054474708664287
1.69,0.28976999322189495,-2.2522786988126176,2.2414494115421073,-1.9677019835130076,-0.2351689133298551,1.9638216251330967
1.7,0.31215974205982105,-2.2717633824407497,2.2389748837926096,-1.9484683628132038,-0.2474527749497827,1.9233620699803922
1.71,0.3345236026688321,-2.2910596627530104,2.2363860609010993,-1.9296280312260825,-0.2588822891510224,1.884033158712138
1.72,0.3568605122696636,-2.3101713630618934,2.2336909600831505,-1.9111700308883086,-0.2695100817948578,1.845800033777386
1.73,0.37916948333044226,-2.3291022005043716,2.230897106077869,-1.893083744247829,-0.27938540052816735,1.808628664047952
1.74,0.40144959895704224,-2.3478557893596173,2.228011562659999,-1.8753588855245487,-0.2885543417869725,1.772485872328032
1.75,0.4237000085774102,-2.366435644279415,2.2250409620367964,-1.8579854919798002,-0.2970600623202855,1.7373393544748392
1.76,0.44591992390015495,-2.3848451834300795,2.221991532274474,-1.8409539150664198,-0.3049429762322336,1.7031576913380364
1.77,0.4681086151290505,-2.4030877315452863,2.218869122889555,-1.8242548115206734,-0.31224093849186435,1.6699103545746536
1.78,0.490265407416365,-2.4211665228897665,2.2156792287314504,-1.8078791344480423,-0.3189894158104927,1.6375677072631192
1.79,0.5123896775391058,-2.4390847041342347,2.2124270122740826,-1.7918181244468152,-0.32522164573677353,1.6061010001227096
1.8,0.5344808507833696,-2.456845337142299,2.209117324426377,-1.7760633008063997,-0.33096878477057007,1.5754823640415407
1.81,0.5565383980230085,-2.4744514016704104,2.2057547239638904,-1.7606064528111454,-0.33626004624865996,1.5456847995254301
1.82,0.5785618329797766,-2.4919057979821617,2.202343495676803,-1.745439631175144,-0.34112282870872984,1.516682163600139
1.83,0.6005507096530053,-2.5092113493784503,2.1988876673228703,-1.73055513962885,-0.34558283539325474,1.4884491546293688
1.84,0.6225046199076828,-2.526370804645194,2.195391025467751,-1.7159455266743564,-0.3496641855119243,1.4609612954493687
1.85,0.6444231912105762,-2.5433868404204207,2.1918571302893475,-1.701603577522687,-0.35338951784036016,1.4341949151669409
1.86,0.6663060845047503,-2.5602620634826554,2.188289329417407,-1.6875223062234839,-0.3567800871940639,1.4081271299203046
1.87,0.6881529922134964,-2.576999012962604,2.1846907708746084,-1.6736949479948764,-0.3598558542798356,1.382735822860758
1.8800000000000001,0.7099636363653032,-2.5936001624801954,2.181064415180685,-1.660114951759109,-0.3626355693923175,1.3579996235767382
1.8900000000000001,0.731737766832071,-2.6100679222090717,2.177413046676777,-1.6467759728876081,-0.3651368503907942,1.3338978871500868
1.9000000000000001,0.7534751596733027,-2.626404640870647,2.1737392841231684,-1.633671866157543,-0.367376255360872,1.3104106730065177
1.9100000000000001,0.7751756155795007,-2.642612607659853,2.1700455906197975,-1.6207966789205628,-0.36936935033709484,1.287518723698006
1.92,0.7968389584084551,-2.6586940541046853,2.166334282895439,-1.6081446444832266,-0.37113077243585013,1.2652034437336255
1.93,0.8184650338085372,-2.6746511558616617,2.162607540008209,-1.5957101756976577,-0.37267428872299274,1.2434468785568857
1.94,0.8400537079235075,-2.690486034449263,2.1588674114970354,-1.5834878587601424,-0.37401285111737576,1.2222316937515214
1.95,0.8616048661737169,-2.70620075892141,2.1551158250209372,-1.5714724472147052,-0.3751586476098385,1.2015411545437185
1.96,0.8831184121089206,-2.7217973474829913,2.1513545935203666,-1.5596588561581395,-0.3761231500570663,1.1813591056565855
1.97,0.9045942663282451,-2.7372777690494163,2.1475854219324564,-1.548042156642518,-0.3769171587910191,1.1616699515621598
1.98,0.9260323654631429,-2.752643944752125,2.143809913489784,-1.5366175702708469,-0.37755084426723723,1.1424586371671077
1.99,0.9474326612194448,-2.7678977493919374,2.140029575630192,-1.5253804639812427,-0.37803378595919135,1.1237106289604146
2.0,0.9687951194748776,-2.7830410128420855,2.1362458255432837,-1.5143263450147972,-0.37837500869085455,1.1054118966445408
2.0100000000000002,0.9901197194286518,-2.798075521402707,2.1324599953774257,-1.50345085606214,-0.3785830165857888,1.0875488952657213
2.02,1.0114064527999462,-2.813003019108543,2.1286733371294444,-1.4927497705835995,-0.37866582479814415,1.0701085478540493
2.0300000000000002,1.0326553230723228,-2.827825208991521,2.124887027237654,-1.4822189882978023,-0.3786309891790295,1.0530782285797184
2.04,1.0538663447812973,-2.842543754299856,2.121102170897448,-1.4718545308335207,-0.3784856340206443,1.03644574642817
2.05,1.0750395428424706,-2.8571602796752518,2.1173198061173446,-1.4616525375395828,-0.3782364780103035,1.020199329393789
2.06,1.0961749519177924,-2.8716763722897287,2.1135409075321747,-1.4516092614476908,-0.37788985851698903,1.0043276091892117
2.07,1.1172726158176818,-2.886093582943559,2.1097663899889323,-1.4417210653830397,-0.3774517543242554,0.9888196064651185
2.08,1.1383325869368797,-2.900413427125736,2.1059971119197805,-1.4319844182177037,-0.37692780691516964,0.9736647165335848
2.09,1.1593549257220368,-2.9146373860383545,2.1022338785157064,-1.422395891261838,-0.37632334040741044,0.9588526955865715
2.1,1.180339700169171,-2.928766907586233,2.09847744471341,-1.4129521547878388,-0.3756433802296588,0.944373647399921
2.11,1.2012869853492425,-2.94280340733306,2.094728518007171,-1.4036499746827162,-0.37489267062393367,0.9302180105122589
2.12,1.222196862960209,-2.9567482694253,2.0909877610966454,-1.394486209224042,-0.3740756910525239,0.9163765458674297
2.13,1.2430694209040172,-2.9706028474850497,2.087255794380819,-1.385457805974957,-0.37319667158260955,0.9028403249085151
2.14,1.2639047528870937,-2.984368465472988,2.083533198307654,-1.3765617987938465,-0.37225960731651164,0.8896007181110461
2.15,1.2847029580429772,-2.998046418522532,2.0798205155883465,-1.3677953049544191,-0.37126827193074335,0.8766493839427313
2.16,1.3054641405758225,-3.011637973746253,2.0761182532845206,-1.359155522372051,-0.37022623038260233,0.8639782582368175
2.17,1.3261884094235838,-3.0251443710155765,2.072426884776131,-1.3506397269323898,-0.3691368508389531,0.851579543966132
2.18,1.3468758779397574,-3.03856682371476,2.068746851617351,-1.3422452699183414,-0.3680033158780458,0.8394457014048309
2.19,1.3675266635926298,-3.051906519470077,2.065078565287234,-1.333969575531692,-0.36682863301168955,0.8275694386649426
2.2,1.3881408876810448,-3.065164620855134,2.0614224088415156,-1.3258101385057428,-0.36561564457183837,0.81594370259492
2.21,1.4087186750657597,-3.078342266073189,2.0577787384714896,-1.3177645218054672,-0.3643670370026094,0.8045616700275678
2.22,1.429260153915515,-3.091440569617307,2.05414788497553,-1.309830354411818,-0.36308534959594907,0.7934167393649375
2.23,1.4497654554669996,-3.1044606229091762,2.0505301551484645,-1.302005329186938,-0.36177298270654473,0.7825025224879967
2.24,1.4702347137979364,-3.117403494917348,2.0469258330936726,-1.2942872008171462,-0.3604322054791669,0.7718128369791694
2.25,1.490668065612561,-3.1302702327556546,2.0433351814624787,-1.2866737838306852,-0.3590651631193705,0.7613416986461066
2.2600000000000002,1.5110656500388122,-3.143061862262528,2.0397584426251147,-1.2791629506873317,-0.3576738837364032,0.7510833143353651
2.27,1.5314276084365848,-3.1557793885618985,2.0361958397772626,-1.2717526299370818,-0.35626028478522437,0.7410320750249765
2.2800000000000002,1.5517540842164441,-3.168423796606351,2.032647577985935,-1.2644408044452298,-0.3548261791327392,0.7311825491852091
2.29,1.5720452226682262,-3.1809960517031635,2.0291138451782182,-1.2572255096812581,-0.35337328077167834,0.7215294763971585
2.3000000000000003,1.592301170798988,-3.1934971000238543,2.0255948130761783,-1.2501048320690669,-0.3519032102039973,0.7120677612191244
2.31,1.6125220771797983,-3.205927869097816,2.022090638081036,-1.2430769073961563,-0.3504174995142215,0.7027924672910678
2.32,1.6327080918008936,-3.2182892682906106,2.0186014621095176,-1.2361399192794786,-0.34891759715181914,0.6936988116677647
2.33,1.6528593659347448,-3.230582189267468,2.0151274133851134,-1.2292920976857626,-0.3474048724404315,0.6847821593716054
2.34,1.6729760520066128,-3.24280750644251,2.0116686071868073,-1.2225317175041996,-0.3458806198306256,0.6760380181563047
2.35,1.6930583034721898,-3.254966077414205,2.00822514655769,-1.2158570971694687,-0.34434606291174874,0.6674620334731066
2.36,1.713106274701947,-3.2670587433875364,2.0047971229757153,-1.209266597333155,-0.3428023581974571,0.6590499836313785
2.37,1.7331201208718343,-3.2790863295833534,2.0013846169887297,-1.202758619581697,-0.34125059869854907,0.6507977751457938
2.38,1.753099997859992,-3.291049645635344,1.9979876988157712,-1.1963316051990711,-0.33969181729585723,0.6427014382625956
2.39,1.773046062149157,-3.302949485975069,1.9946064289165197,-1.1899840339724939,-0.33812698992514023,0.6347571226577284
2.4,1.7929584707344637,-3.314786630205464,1.9912408585306682,-1.183714423039495,-0.33655703858515024,0.6269610932998975
2.41,1.8128373810363525,-3.3265618434632116,1.9878910301888748,-1.1775213257747759,-0.3349828341793475,0.619309726471899
2.42,1.832682950818321,-3.338275876770365,1.9845569781968642,-1.1714033307153378,-0.333405199201068,0.6117995059438173
2.43,1.8524953381092626,-3.3499294673755893,1.9812387290941509,-1.1653590605224182,-0.33182491027133504,0.6044270192919475
2.44,1.8722747011301504,-3.3615233390853776,1.9779363020887715,-1.1593871709788428,-0.3302427005379306,0.5971889543575497
2.45,1.8920211982248436,-3.373058202585582,1.9746497094693334,-1.153486350020445,-0.32865926194380174,0.5900820958397732
2.46,1.9117349877947998,-3.3845347557535845,1.9713789569956095,-1.1476553168002719,-0.3270752473723798,0.5831033220173292
2.47,1.9314162282374883,-3.395953683961428,1.9681240442688404,-1.1418928207843348,-0.3254912726769168,0.5762496015937009
2.48,1.9510650778883165,-3.4073156603702053,1.9648849650828353,-1.1361976408777257,-0.32390791860051016,0.5695179906609064
2.49,1.9706816949658856,-3.4186213462160047,1.9616617077569045,-1.1305685845799553,-0.3223257325930734,0.5629056297770224
2.5,1.9902662375204017,-3.429871391087689,1.9584542554515931,-1.1250044871684264,-0.32074523053113213,0.5564097411528873
2.5100000000000002,2.009818863385083,-3.4410664331967786,1.9552625864681334,-1.1195042109089905,-0.31916689834596257,0.5500276259435809
2.52,2.029339730130408,-3.4522070996397045,1.9520866745324807,-1.114066644292586,-0.31759119356526017,0.5437566616404704
2.5300000000000002,2.048828995021055,-3.4632940066526743,1.9489264890647486,-1.1086907012969882,-0.3160185467732091,0.5375942995597824
2.54,2.0682868149754032,-3.474327759859402,1.9457819954348132,-1.10337532067275,-0.3144493629935319,0.531538062423828
2.5500000000000003,2.0877133465274516,-3.4853089545119262,1.942653155204815,-1.0981194652524382,-0.31288402299982765,0.5255855420311792
2.56,2.107108745791044,-3.4962381757247494,1.9395399263592425,-1.092922121282316,-0.31132288455724066,0.5197343970122319
2.57,2.1264731684262763,-3.507115998702506,1.9364422635232497,-1.0877822977756484,-0.30976628359927816,0.5139823506667631
2.58,2.1458067696079746,-3.5179429889613743,1.9333601181698161,-1.0826990258868463,-0.30821453534334936,0.5083271888802087
2.59,2.165109703996138,-3.5287197025444312,1.930293438816332,-1.077671358305691,-0.3066679353484076,0.5027667581155445
2.6,2.1843821257082494,-3.5394466862311402,1.9272421712111534,-1.0726983686709133,-0.30512676051786336,0.4972989634777699
2.61,2.203624188293356,-3.5501244777411647,1.9242062585106459,-1.067779151002432,-0.30359127005076153,0.4919217668481277
2.62,2.222836044707828,-3.5607536059326805,1.9211856414472055,-1.0629128191515789,-0.30206170634403545,0.4866331850853087
2.63,2.2420178472927152,-3.571334590995367,1.9181802584887206,-1.0580985062686687,-0.30053829584849173,0.48143128829100856
2.64,2.2611697477526143,-3.58186794463824,1.9151900459899105,-1.0533353642872956,-0.29902124988102435,0.47631419813731174
2.65,2.280291897135974,-3.5923541702724875,1.9122149383359563,-1.0486225634247608,-0.29751076539541205,0.4712800862534811
2.66,2.299384445816762,-3.602793763189468,1.909254868078817,-1.0439592916980625,-0.2960070257139222,0.46632717266983975
2.67,2.318447543477428,-3.6131872107340173,1.9063097660665989,-1.0393447544548973,-0.29451020122181293,0.4614537243165203
2.68,2.3374813390930913,-3.6235349924732088,1.9033795615663318,-1.0347781739191477,-0.2930204500267089,0.45665805357495187
2.69,2.3564859809168963,-3.633837580360712,1.9004641823804846,-1.0302587887503472,-0.2915379185847151,0.4519385168800482
2.7,2.3754616164664717,-3.6440954388968785,1.8975635549575345,-1.0257858536166358,-0.2900627422950255,0.4472935133711368
2.71,2.3944083925114406,-3.654309025284686,1.8946776044968876,-1.0213586387807383,-0.28859504606468495,0.44272148358975455
2.72,2.413326455061925,-3.664478789581671,1.891806255048437,-1.016976429698513,-0.28713494484507524,0.43822090822251636
2.73,2.432215949357995,-3.6746051748479673,1.8889494296070208,-1.0126385266296398,-0.2856825441415995,0.4337903068873284
2.74,2.4510770198600156,-3.6846886172905675,1.8861070502020412,-1.0083442442600268,-0.28423794049796514,0.4294282369612971
2.75,2.4699098102398405,-3.6947295464039227,1.8832790379824773,-1.0040929113355392,-0.2828012219563843,0.4251332924487475
2.7600000000000002,2.4887144633728155,-3.704728385106989,1.880465313297528,-0.9998838703066609,-0.28137246849493874,0.42090410288783264
2.77,2.5074911213305464,-3.7146855498768265,1.8776657957730951,-0.9957164769837181,-0.27995175244328907,0.41673933229427734
2.7800000000000002,2.5262399253743895,-3.7246014508788496,1.8748804043843168,-0.9915901002023095,-0.278539138877841,0.412637678140857
2.79,2.544961015949633,-3.734476492093836,1.8721090575243426,-0.9875041214985968,-0.2771346859974229,0.40859787037127165
2.8000000000000003,2.5636545326803284,-3.744311071441777,1.8693516730695379,-0.9834579347941255,-0.275738445480471,0.40461867044712957
2.81,2.5823206143647415,-3.7541055809026758,1.8666081684412912,-0.9794509460898574,-0.2743504628246641,0.40069887042680463
2.82,2.6009593989713875,-3.763860406634367,1.8638784606645922,-0.9754825731691076,-0.2729707776699,0.39683729207498486
2.83,2.619571023635623,-3.7735759290874578,1.8611624664235376,-0.9715522453090898,-0.27159942410545806,0.393032786001776
2.84,2.638155624656762,-3.783252523117466,1.8584601021139162,-0.9676594030007871,-0.2702364309621431,0.3892842308302667
2.85,2.656713337495692,-3.7928905580942347,1.8557712838930145,-0.963803497676872,-0.2688818220901712,0.3855905323915116
2.86,2.67524429677296,-3.802490398008709,1.8530959277267793,-0.9599839914474128,-0.2675356166235102,0.3819506229459264
2.87,2.693748636267305,-3.81205240157714,1.8504339494344657,-0.9562003568431114,-0.266197829231354,0.37836346043012953
2.88,2.712226488914614,-3.8215769223427984,1.847785264730892,-0.9524520765658284,-0.2648684703573707,0.37482802772830254
2.89,2.730677986807278,-3.83106430877526,1.8451497892664188,-0.9487386432461566,-0.2635475464473362,0.371343331967183
2.9,2.749103261193926,-3.840514904367338,1.8425274386647617,-0.9450595592078184,-0.2622350601657271,0.36790840383383294
2.91,2.7675024424795134,-3.8499290477297246,1.8399181285587434,-0.9414143362386648,-0.26093101060182117,0.3645222969153634
2.92,2.7858756602257544,-3.8593070726834053,1.837321774624085,-0.9378024953680665,-0.2596353934658204,0.36118408705982474
2.93,2.8042230431518678,-3.86864930834991,1.8347382926113303,-0.9342235666504914,-0.25834820127549024,0.35789287175750684
2.94,2.8225447191356277,-3.877956079239461,1.8321675983759924,-0.9306770889550722,-0.257069423533781,0.35464776954192245
2.95,2.840840815214698,-3.8872277053370707,1.8296096079070137,-0.9271626097609744,-0.25579904689786964,0.3514479194097712
2.96,2.859111457588234,-3.8964645021866544,1.8270642373536132,-0.9236796849583823,-0.2545370553400442,0.34829248025921417
2.97,2.87735677161874,-3.9056667809732035,1.824531403050605,-0.9202278786549242,-0.2532834303008281,0.3451806303458136
2.98,2.8955768818341623,-3.914834848603077,1.8220110215422578,-0.9168067629873691,-0.25203815083471814,0.34211156675551313
2.99,2.91377191193021,-3.9239690077824614,1.8195030096047689,-0.9134159179384285,-0.25080119374889775,0.33908450489406494
